70.209.131.242,US
72.235.29.249,US
96.89.28.146,US
101.163.75.0,AU
98.169.209.63,US
68.132.45.187,US
65.115.226.29,US
63.118.206.4,US
66.87.150.252,US
217.158.229.0,GB
37.49.106.0,DE
99.12.78.28,US
68.104.4.151,US
65.191.168.112,US
97.106.166.37,US
98.214.201.196,US
73.141.82.114,US
70.139.153.57,US
47.18.93.3,US
67.66.140.21,US
50.168.146.0,US
192.96.17.154,US
122.148.170.217,AU
45.37.136.151,US
73.147.56.113,US
72.185.168.43,US
208.54.39.187,US
70.194.244.136,US
112.198.103.30,PH
24.191.181.78,US
207.45.249.0,US
98.222.233.6,US
66.87.96.192,US
166.137.118.125,US
71.201.255.189,US
174.59.140.112,US
70.211.5.39,US
208.114.155.55,CA
77.119.128.0,AT
108.24.182.0,US
93.64.1.0,IT
68.14.30.251,US
81.153.235.0,GB
70.195.129.88,US
104.34.153.0,US
75.138.231.179,US
75.1.155.180,US
166.137.118.52,US
166.170.5.127,US
62.202.191.1,CH
173.68.74.166,US
73.196.202.186,US
70.39.4.23,US
166.94.23.150,US
71.75.127.10,US
216.165.95.6,US
128.244.13.5,US
216.185.39.84,US
47.20.23.19,US
69.29.34.44,US
174.16.180.167,US
170.185.46.17,US
77.163.131.0,NL
173.13.84.50,US
68.14.179.252,US
74.204.152.113,US
71.15.172.153,US
216.183.201.231,US
71.87.167.35,US
69.126.8.237,US
71.83.219.25,US
72.184.218.57,US
24.121.213.22,US
83.157.184.0,FR
69.204.61.227,US
72.173.74.107,US
174.22.162.174,US
84.161.231.0,DE
204.185.0.241,US
108.194.146.0,US
96.246.208.245,US
172.56.3.0,US
67.163.58.18,US
207.244.185.68,US
75.89.206.202,US
108.36.194.0,US
74.204.107.120,US
174.28.45.0,US
72.69.62.157,US
77.119.130.0,AT
8.7.228.252,US
134.159.165.34,AU
172.56.10.0,US
72.224.29.232,US
68.32.230.87,US
24.237.138.222,US
68.224.195.175,US
74.58.94.65,CA
200.163.4.131,BR
100.35.74.0,US
63.155.221.101,US
93.236.107.0,DE
87.195.144.0,NL
172.91.54.0,US
98.232.254.84,US
208.108.129.144,US
67.230.204.5,US
173.160.36.225,US
112.198.243.5,PH
78.191.235.0,TR
184.183.2.0,US
216.121.227.110,CA
71.11.208.44,US
70.180.85.207,US
75.133.180.214,US
162.228.194.0,US
173.167.149.201,US
96.243.247.242,US
107.150.94.0,US
40.130.216.186,US
170.20.96.3,US
73.30.49.184,US
74.240.201.225,US
71.67.160.247,US
74.140.125.246,US
72.160.148.59,US
70.44.5.221,US
71.61.76.108,US
99.110.164.0,US
24.20.2.163,US
10.20.15.0,US
98.119.71.130,US
107.128.169.0,US
107.77.92.0,US
71.13.84.254,US
81.123.183.0,IT
172.56.22.0,US
203.62.25.48,AU
91.0.203.0,DE
162.229.110.0,US
187.134.39.175,MX
97.35.202.134,US
96.244.65.184,US
63.241.40.126,US
84.159.223.0,DE
107.202.202.0,US
192.200.247.0,US
72.213.187.124,US
66.87.9.151,US
71.58.170.55,US
172.56.1.0,US
24.228.64.123,US
50.243.236.0,US
32.209.166.159,US
129.21.136.58,US
70.192.211.159,US
88.8.188.0,ES
68.34.146.41,US
97.85.167.194,US
69.250.29.68,US
99.106.146.0,US
108.230.159.0,US
208.102.128.208,US
108.222.60.0,US
10.14.146.0,US
67.187.110.100,US
66.65.1.154,US
73.66.19.107,US
99.46.16.113,US
104.58.13.0,US
99.32.190.161,US
68.108.60.58,US
50.176.73.0,US
73.139.192.83,US
79.154.218.0,ES
204.169.29.194,US
173.63.118.66,US
108.67.233.0,US
81.50.11.0,FR
50.165.102.0,US
85.69.247.0,FR
193.58.247.0,FR
73.157.68.95,US
73.199.8.193,US
97.80.81.165,US
216.221.240.130,US
187.155.20.89,MX
66.87.92.205,US
70.194.218.151,US
79.155.186.0,ES
24.187.91.29,US
88.231.89.0,TR
172.16.218.0,US
68.45.64.46,US
138.78.162.71,US
98.28.200.44,US
72.186.111.133,US
184.2.171.0,US
100.6.80.0,US
94.100.245.0,DE
201.75.204.9,BR
76.114.125.3,US
24.142.175.0,US
136.183.206.39,US
70.89.120.249,US
67.53.35.59,US
74.141.99.233,US
84.148.75.0,DE
71.186.139.244,US
174.57.5.50,US
81.153.241.0,GB
95.90.255.0,DE
76.95.234.216,US
68.2.168.252,US
73.186.105.47,US
209.104.56.196,US
74.90.218.0,US
73.243.55.202,US
207.144.15.116,US
68.104.80.3,US
168.1.6.46,AU
104.37.100.0,US
90.46.75.0,FR
128.177.161.181,US
50.142.36.0,US
70.214.38.243,US
107.212.192.0,US
212.124.244.0,GB
174.31.62.0,US
118.92.212.149,NZ
65.96.220.81,US
77.254.93.0,PL
70.199.105.195,US
108.30.43.0,US
68.197.61.175,US
213.187.67.0,DE
76.124.139.57,US
68.107.183.22,US
69.124.96.198,US
107.77.161.0,US
76.186.107.31,US
174.48.250.46,US
110.55.0.143,PH
101.181.122.0,AU
90.43.100.0,FR
64.56.89.2,US
45.16.1.62,US
50.158.93.0,US
66.31.244.97,US
71.13.161.54,US
80.64.55.0,GB
172.16.207.0,SG
121.73.215.246,NZ
64.80.227.2,US
99.157.237.131,US
87.112.171.0,DE
204.144.57.0,US
64.134.6.152,US
5.14.133.0,RO
172.9.238.0,US
74.211.69.221,US
24.146.148.0,US
156.111.30.248,US
173.74.73.109,US
104.32.190.0,US
186.215.43.0,BR
82.183.25.0,SE
75.185.121.177,US
216.155.209.46,US
122.57.11.205,NZ
75.185.132.131,US
83.215.183.0,AT
75.44.126.219,US
46.223.128.0,DE
70.199.97.99,US
24.182.81.28,US
68.9.45.218,US
99.196.110.34,US
76.75.17.24,US
24.172.212.2,US
50.141.97.0,US
151.227.85.0,GB
173.169.252.136,US
16.34.237.149,US
99.90.154.254,US
27.33.249.0,AU
70.210.180.44,US
95.89.14.0,DE
70.208.1.227,US
66.87.117.252,US
207.62.172.6,US
68.60.56.131,US
70.138.179.154,US
73.211.153.111,US
86.40.95.0,IE
76.98.103.81,US
175.156.174.0,SG
108.46.104.0,US
146.110.64.0,HU
209.189.130.30,US
49.183.202.0,AU
76.230.88.34,US
174.16.172.101,US
172.249.145.0,US
104.237.142.0,US
72.183.76.79,US
130.218.13.208,US
68.9.155.42,US
178.9.123.0,DE
72.95.41.228,US
23.255.209.0,US
73.142.87.36,US
50.164.183.0,US
87.79.67.0,DE
64.239.135.90,US
139.133.142.0,GB
50.153.152.0,US
75.65.59.82,US
10.234.56.0,DE
71.35.127.196,US
172.2.194.0,US
99.42.88.174,US
12.54.94.111,US
108.77.226.0,US
195.56.14.0,HU
84.85.132.0,NL
99.31.223.148,US
99.88.254.6,US
159.118.125.150,US
204.52.131.25,US
173.175.72.0,US
93.149.138.0,IT
24.253.158.100,US
178.33.28.0,FR
23.120.253.0,US
72.67.233.7,US
70.178.227.41,US
216.215.93.90,US
189.5.91.221,BR
98.19.252.247,US
87.142.77.0,DE
99.149.182.167,US
27.33.143.0,AU
70.193.217.1,US
85.6.161.207,CH
73.179.213.155,US
74.110.146.117,US
166.137.14.96,US
92.81.218.0,RO
77.195.166.0,FR
99.43.252.145,US
75.54.25.175,US
95.116.111.0,DE
187.149.196.14,MX
219.102.179.62,JP
70.209.25.168,US
68.117.221.117,US
103.224.158.0,IN
73.18.6.211,US
108.13.243.0,US
24.153.60.0,US
71.70.91.129,US
206.255.190.243,US
172.76.96.0,US
192.88.158.246,US
50.204.200.0,US
216.113.160.67,US
64.187.231.78,US
139.179.138.0,TR
98.175.195.229,US
82.37.83.0,GB
92.252.27.0,DE
52.90.167.35,US
37.134.47.0,ES
78.178.21.0,TR
174.108.83.0,US
101.183.148.0,AU
67.185.194.129,US
90.4.145.0,FR
73.226.135.77,US
216.221.107.128,US
75.69.34.116,US
68.4.67.10,US
166.137.118.49,US
24.196.21.21,US
185.69.145.0,GB
50.182.161.0,US
216.196.157.218,US
98.113.182.92,US
69.14.138.4,US
92.106.24.42,CH
174.51.209.186,US
187.188.160.0,MX
109.243.77.0,PL
98.14.85.218,US
97.84.205.202,US
223.204.240.0,TH
162.40.207.183,US
98.17.87.4,US
70.209.78.213,US
76.178.76.160,US
159.53.174.141,US
209.40.139.254,US
72.92.223.202,US
71.15.160.32,US
204.100.213.17,US
121.122.85.186,MY
184.21.191.0,US
166.108.239.246,US
24.6.243.245,US
202.175.135.150,NZ
14.192.214.0,MY
72.219.159.234,US
66.87.116.174,US
71.178.236.211,US
69.247.200.125,US
152.208.15.27,US
60.241.105.201,AU
60.54.13.38,MY
12.185.27.253,US
202.49.34.9,NZ
68.196.19.35,US
72.83.52.16,US
209.105.139.177,US
73.211.110.42,US
64.183.202.60,US
24.197.105.17,US
82.149.178.0,DE
71.58.160.196,US
160.3.210.10,US
24.131.139.139,US
1.144.96.0,AU
184.21.175.0,US
165.214.11.72,US
209.6.120.159,US
86.126.13.0,RO
73.31.108.217,US
69.164.163.2,US
68.84.239.100,US
5.172.239.0,PL
73.213.78.21,US
72.193.20.203,US
172.17.220.0,US
50.25.100.0,US
71.215.57.125,US
173.49.112.204,US
100.34.235.0,US
68.68.182.238,US
212.121.153.0,DE
63.141.217.0,US
189.238.36.104,MX
73.8.28.252,US
73.66.99.88,US
209.82.165.24,US
70.212.7.78,US
74.176.234.146,US
96.226.121.209,US
107.107.60.0,US
68.199.107.100,US
67.60.71.161,US
184.7.23.0,US
24.177.97.143,US
199.1.72.29,US
58.104.14.154,AU
144.230.63.54,US
212.186.226.0,AT
76.73.183.125,US
75.141.187.32,US
98.74.165.108,US
87.133.48.0,DE
96.56.189.106,US
92.25.55.0,GB
68.191.170.59,US
96.5.246.42,US
24.131.9.40,US
100.0.201.0,US
192.43.65.245,US
99.28.37.65,US
71.55.91.210,US
108.235.68.0,US
24.219.224.83,US
89.70.177.0,PL
95.96.86.0,NL
89.238.31.0,PL
24.78.207.159,CA
178.197.229.0,CH
71.227.187.217,US
172.89.240.0,US
188.152.162.0,IT
108.233.218.0,US
72.28.33.149,US
76.254.49.95,US
68.187.1.238,US
65.96.6.112,US
136.165.190.78,US
68.61.61.207,US
31.18.127.0,DE
66.35.9.50,US
217.133.24.0,IT
79.199.92.0,DE
50.34.119.0,US
122.60.120.236,NZ
24.153.35.0,US
67.77.233.225,US
71.232.79.189,US
70.199.105.125,US
67.221.205.100,US
92.228.249.0,US
73.245.97.142,US
107.77.90.0,US
115.165.174.192,AU
172.56.38.0,US
91.60.192.0,DE
66.87.69.185,US
72.211.248.188,US
166.171.186.176,US
31.84.133.0,DE
80.138.224.0,DE
24.217.192.212,US
73.233.58.8,US
107.130.100.0,US
143.112.32.4,US
107.199.206.0,US
99.174.252.247,US
84.174.196.0,DE
73.148.71.144,US
206.127.141.0,US
84.170.111.0,DE
107.92.56.0,US
5.104.242.0,US
203.97.50.7,NZ
166.137.8.113,US
24.191.10.232,US
208.102.105.22,US
74.89.81.0,US
90.146.90.0,AT
101.181.38.0,AU
24.9.141.224,US
45.52.179.229,US
66.87.120.80,US
173.26.17.210,US
24.166.105.167,US
162.225.73.0,US
172.56.21.0,US
75.69.62.0,US
208.74.128.1,US
195.122.159.0,DE
177.177.129.0,BR
80.132.230.0,DE
189.173.38.238,MX
212.77.172.0,DE
141.114.136.223,US
70.196.138.147,US
71.145.205.39,US
72.222.198.84,US
75.134.99.24,US
67.44.208.224,US
46.101.10.0,GB
68.168.224.0,US
212.182.136.0,NL
58.165.99.165,AU
125.238.77.134,NZ
73.190.157.118,US
75.170.234.33,US
129.109.12.139,US
66.74.6.145,US
68.106.72.215,US
24.186.192.22,US
100.0.186.0,US
162.226.44.0,US
73.68.101.31,US
99.38.233.124,US
110.174.54.175,AU
68.114.150.27,US
213.86.241.0,AT
108.61.123.0,US
50.186.20.0,US
79.245.85.0,DE
38.126.27.130,US
213.112.234.0,SE
69.128.129.173,US
187.94.48.2,BR
64.121.66.65,US
198.232.93.101,US
50.138.184.0,US
167.86.132.60,US
96.241.87.233,US
101.161.157.0,AU
73.205.63.252,US
67.6.118.71,US
199.33.101.175,US
93.229.240.0,DE
71.89.206.13,US
66.6.4.59,US
39.109.163.0,SG
73.45.217.39,US
71.70.233.243,US
66.87.116.7,US
205.222.248.104,US
99.43.80.190,US
24.12.152.172,US
69.124.12.55,US
172.56.13.0,US
70.214.54.237,US
81.100.90.0,GB
59.120.197.46,TW
106.77.53.0,US
10.58.199.0,DE
63.143.199.0,US
110.146.181.168,AU
24.193.12.234,US
71.180.153.190,US
78.222.240.0,FR
166.177.120.104,US
173.85.193.213,US
46.165.173.0,DE
37.11.6.0,ES
191.189.73.0,BR
92.186.80.0,ES
110.175.13.117,AU
70.194.234.221,US
100.10.86.0,US
97.93.85.123,US
99.41.178.10,US
73.228.173.147,US
66.83.40.42,US
69.180.202.36,US
68.10.24.133,US
191.243.248.0,BR
66.87.133.58,US
66.87.123.15,US
73.48.98.97,US
71.225.155.36,US
166.137.8.90,US
174.79.242.208,US
68.227.3.40,US
108.5.53.0,US
64.83.183.175,US
24.254.194.123,US
77.166.39.0,NL
184.155.163.0,US
85.17.31.0,NL
122.62.136.213,NZ
72.220.19.147,US
173.20.68.213,US
83.49.175.0,ES
70.188.132.80,US
118.148.235.76,NZ
79.59.50.0,IT
15.211.201.92,US
104.1.98.0,US
97.121.78.123,US
68.132.28.15,US
75.166.82.42,US
76.79.59.170,US
74.78.110.247,US
80.133.15.0,DE
173.79.167.166,US
67.190.26.138,US
122.57.141.80,NZ
79.82.171.0,FR
189.10.66.249,BR
62.113.206.0,US
72.178.129.240,US
97.95.12.38,US
37.201.192.0,DE
66.230.109.70,US
73.34.79.252,US
23.27.250.0,US
75.176.32.79,US
67.149.125.255,US
24.151.83.112,US
66.87.131.47,US
101.166.66.0,AU
107.185.15.0,US
174.135.40.167,US
66.176.190.110,US
74.178.47.61,US
97.64.173.28,US
76.17.254.119,US
74.98.186.11,US
73.212.167.77,US
178.156.31.0,ES
71.200.245.177,US
73.31.157.76,US
66.87.75.247,US
79.186.154.0,PL
204.107.242.20,US
115.244.215.46,US
24.209.64.101,US
174.16.152.177,US
140.226.169.99,US
174.111.45.0,US
71.85.199.46,US
89.136.124.0,RO
188.153.170.0,IT
207.45.249.0,US
107.77.173.0,US
84.198.153.0,BE
203.167.221.164,NZ
50.252.24.0,US
217.103.89.0,NL
98.27.249.40,US
75.167.67.31,US
50.204.49.0,US
66.87.82.27,US
194.138.39.0,DE
50.156.38.0,US
5.147.113.0,DE
96.242.225.252,US
100.16.18.0,US
2.97.255.0,GB
71.195.199.171,US
68.184.132.69,US
87.152.150.0,DE
62.94.99.0,IT
172.56.5.0,US
67.244.107.161,US
203.106.157.69,MY
172.250.25.0,US
90.197.102.0,GB
1.0.231.0,TH
24.162.240.244,US
98.113.36.238,US
118.90.27.178,NZ
24.227.136.182,US
62.214.54.0,DE
75.10.138.224,US
70.195.70.72,US
217.172.180.0,DE
184.187.9.0,US
79.237.12.0,DE
119.74.4.251,SG
69.254.17.99,US
73.22.145.207,US
50.26.184.0,US
192.251.163.114,US
95.112.184.0,DE
96.28.98.243,US
76.177.107.66,US
162.239.0.0,US
172.56.6.0,US
81.57.43.0,FR
107.211.37.0,US
172.56.33.0,US
68.59.22.2,US
24.144.9.78,US
73.8.19.247,US
91.113.3.0,AT
166.171.57.157,US
166.137.118.75,US
174.103.157.191,US
76.114.198.10,US
63.221.154.253,US
174.61.120.45,US
76.22.52.41,US
67.80.212.246,US
79.110.28.0,GB
106.208.180.0,US
24.181.119.10,US
73.242.64.81,US
67.185.19.191,US
109.192.124.0,DE
50.190.213.0,US
68.104.119.228,US
159.178.207.16,US
50.178.169.0,US
73.172.139.58,US
24.172.184.68,US
98.119.178.244,US
155.91.28.231,US
98.183.210.132,US
107.77.165.0,US
75.71.29.103,US
104.238.169.0,GB
213.238.75.0,PL
66.87.77.75,US
170.94.102.70,US
47.72.168.227,NZ
76.231.144.29,US
109.128.200.0,BE
47.72.52.225,NZ
98.203.171.45,US
73.199.35.18,US
70.195.19.190,US
24.136.121.214,US
216.73.73.66,CA
84.29.67.0,NL
70.212.131.39,US
99.21.94.228,US
71.100.250.15,US
47.17.212.197,US
74.117.25.158,US
166.172.191.152,US
70.139.204.19,US
149.102.103.207,US
99.242.213.161,CA
71.10.75.69,US
184.91.201.0,US
98.67.185.159,US
99.57.74.141,US
95.225.61.0,IT
68.208.197.52,US
65.30.50.66,US
70.215.14.192,US
173.251.75.0,US
107.77.72.0,US
98.208.29.55,US
78.156.128.0,CZ
75.138.121.227,US
50.27.82.0,US
100.32.39.0,US
99.43.0.57,US
72.23.83.230,US
172.56.41.0,US
14.2.39.0,AU
222.153.27.89,NZ
72.89.212.168,US
24.8.247.20,US
172.56.35.0,US
24.234.170.45,US
162.192.46.0,US
69.255.160.202,US
50.174.79.0,US
168.216.178.173,US
70.192.168.201,US
72.214.164.14,US
98.238.20.83,US
182.250.129.0,GB
72.89.173.57,US
107.221.219.0,US
68.96.232.87,US
103.245.174.0,NZ
71.192.118.88,US
8.28.243.140,US
173.64.248.104,US
199.30.25.194,US
72.188.246.177,US
71.174.243.104,US
138.80.78.99,AU
104.12.229.0,US
207.45.249.0,US
76.173.198.242,US
184.4.47.0,US
209.65.107.34,US
70.195.205.35,US
24.151.97.90,US
12.46.47.44,US
67.239.32.72,US
50.153.172.0,US
101.98.156.0,NZ
82.35.169.0,GB
80.99.88.0,HU
173.166.138.45,US
41.206.1.7,US
108.239.143.0,US
192.241.56.0,US
8.18.218.141,US
68.52.187.211,US
54.147.60.214,US
98.100.98.130,US
72.48.201.230,US
98.192.46.187,US
96.225.54.191,US
146.115.67.221,US
86.169.198.0,GB
199.193.115.0,US
70.197.226.5,US
88.5.15.0,ES
99.3.10.254,US
99.49.114.224,US
130.20.39.33,US
76.94.199.75,US
69.54.177.22,US
104.174.233.0,US
118.189.9.109,SG
97.32.67.120,US
99.36.116.190,US
24.181.207.135,US
198.189.48.26,US
89.217.21.78,CH
189.198.242.129,MX
108.46.128.0,US
82.227.192.0,FR
71.126.243.68,US
93.207.13.0,DE
24.131.254.134,US
173.21.100.147,US
68.197.74.7,US
99.135.171.19,US
91.215.241.0,AT
68.81.140.72,US
154.118.5.0,US
172.1.23.0,US
187.235.114.0,MX
104.235.65.0,US
83.252.232.0,SE
66.87.121.5,US
131.128.53.85,US
204.76.113.51,US
64.45.235.115,US
41.58.235.0,US
67.158.229.183,US
76.176.57.61,US
1.125.48.0,AU
31.53.80.0,GB
174.50.153.122,US
199.164.68.179,US
78.54.53.0,DE
75.165.4.71,US
73.153.100.160,US
104.34.131.0,US
114.77.57.66,AU
189.194.186.143,MX
75.30.109.18,US
184.5.119.0,US
71.199.61.74,US
88.167.0.0,FR
24.210.145.42,US
31.200.131.0,IE
96.242.165.202,US
70.192.192.34,US
69.170.75.0,US
60.242.201.39,AU
76.124.49.56,US
50.44.143.0,US
92.252.106.0,DE
12.29.90.194,US
24.99.130.156,US
122.60.128.19,NZ
66.87.120.47,US
79.119.14.0,RO
86.151.219.0,GB
173.54.141.45,US
50.88.115.0,US
80.2.72.0,GB
32.209.235.77,US
10.22.120.0,US
69.86.64.200,US
98.19.189.138,US
68.65.46.247,US
212.7.178.0,DE
173.175.218.0,US
198.223.229.185,US
66.87.79.72,US
73.187.86.45,US
217.156.151.0,GB
24.62.177.183,US
209.191.211.182,US
24.190.207.34,US
74.182.231.21,US
76.126.237.154,US
193.133.28.0,GB
166.137.90.109,US
45.19.36.200,US
86.93.191.0,NL
70.212.32.59,US
64.126.93.228,US
96.242.251.225,US
173.87.215.174,US
128.237.143.251,US
97.32.79.117,US
96.8.202.217,US
204.185.4.1,US
166.137.12.54,US
82.45.152.0,GB
207.172.231.41,US
86.162.163.0,GB
68.0.142.170,US
75.106.57.183,US
24.185.206.134,US
68.47.205.202,US
79.118.1.0,RO
97.90.194.51,US
71.10.147.225,US
75.187.234.176,US
109.206.186.0,US
70.104.138.8,US
209.104.56.196,US
209.126.116.161,US
161.139.222.17,MY
80.154.127.0,DE
69.243.191.159,US
69.71.8.1,US
75.172.137.42,US
83.81.36.0,NL
50.81.111.0,US
92.30.187.0,GB
108.222.79.0,US
73.202.131.250,US
50.177.179.0,US
79.151.89.0,ES
50.50.94.0,US
23.254.166.0,US
98.122.20.196,US
91.32.231.0,DE
189.130.91.178,MX
90.164.85.0,ES
174.17.176.158,US
74.139.178.210,US
